timestamp,distancia
0.00,393.00
0.10,400.00
0.20,406.00
0.31,412.00
0.41,418.00
0.51,423.00
0.61,428.00
0.72,432.00
0.82,436.00
0.92,439.00
1.03,442.00
1.13,447.00
1.23,448.00
1.34,449.00
1.44,449.00
1.54,449.00
1.65,449.00
1.75,448.00
1.85,446.00
1.95,444.00
2.06,442.00
2.16,439.00
2.26,435.00
2.37,431.00
2.47,427.00
2.57,422.00
2.67,417.00
2.78,411.00
2.88,405.00
2.98,398.00
3.08,392.00
3.19,384.00
3.29,377.00
3.39,369.00
3.50,361.00
3.60,352.00
3.70,344.00
3.80,335.00
3.91,326.00
4.01,316.00
4.11,307.00
4.22,297.00
4.32,287.00
4.42,277.00
4.52,268.00
4.63,258.00
4.73,248.00
4.83,238.00
4.93,228.00
5.04,208.00
5.14,198.00
5.24,189.00
5.34,179.00
5.45,170.00
5.55,161.00
5.65,152.00
5.76,143.00
5.86,135.00
5.96,127.00
6.06,119.00
6.17,112.00
6.27,105.00
6.37,98.00
6.48,92.00
6.58,86.00
6.68,80.00
6.78,75.00
6.89,70.00
6.99,66.00
7.09,62.00
7.20,59.00
7.30,56.00
7.40,54.00
7.50,52.00
7.61,51.00
7.71,50.00
7.81,50.00
7.91,50.00
8.02,50.00
8.12,51.00
8.22,53.00
8.32,55.00
8.43,58.00
8.53,61.00
8.63,64.00
8.74,68.00
8.84,73.00
8.94,78.00
9.05,89.00
9.15,95.00
9.25,102.00
9.35,109.00
9.46,116.00
9.56,123.00
9.66,131.00
9.76,140.00
9.87,148.00
9.97,157.00
10.07,166.00
10.18,175.00
10.28,184.00
10.38,194.00
10.48,204.00
10.59,213.00
10.69,223.00
10.79,233.00
10.90,243.00
11.00,253.00
11.10,263.00
11.20,273.00
11.31,283.00
11.41,293.00
11.51,302.00
11.61,312.00
11.72,321.00
11.82,331.00
11.92,340.00
12.02,349.00
12.13,357.00
12.23,365.00
12.33,373.00
12.44,381.00
12.54,388.00
12.64,395.00
12.74,402.00
12.85,408.00
12.95,414.00
13.05,425.00
13.15,429.00
13.26,434.00
13.36,437.00
13.46,440.00
13.57,443.00
13.67,445.00
13.77,447.00
13.87,448.00
13.98,449.00
14.08,449.00
14.18,449.00
14.28,449.00
14.39,447.00
14.49,446.00
14.59,443.00
14.70,441.00
14.80,438.00
14.90,434.00
15.00,430.00
15.11,425.00
15.21,420.00
15.31,415.00
15.41,409.00
15.52,403.00
15.62,396.00
15.72,389.00
15.82,382.00
15.93,374.00
16.03,366.00
16.13,358.00
16.23,349.00
16.34,341.00
16.44,332.00
16.55,322.00
16.65,313.00
16.75,304.00
16.85,294.00
16.96,284.00
17.06,274.00
17.16,254.00
17.26,244.00
17.37,234.00
17.47,224.00
17.57,214.00
17.68,205.00
17.78,195.00
17.88,185.00
17.99,176.00
18.09,167.00
18.19,158.00
18.29,149.00
18.40,140.00
18.50,132.00
18.60,124.00
18.70,117.00
18.81,109.00
18.91,102.00
19.01,96.00
19.12,90.00
19.22,84.00
19.32,78.00
19.42,73.00
19.53,69.00
19.63,65.00
19.73,61.00
19.83,58.00
19.94,55.00
20.04,53.00
20.14,52.00
20.25,50.00
20.35,50.00
20.45,50.00
20.56,50.00
20.66,51.00
20.77,54.00
20.87,56.00
20.98,59.00
21.08,62.00
21.18,66.00
21.28,70.00
21.39,75.00
21.49,80.00
21.59,85.00
21.69,91.00
21.80,97.00
21.90,104.00
22.00,111.00
22.11,118.00
22.21,126.00
22.31,134.00
22.41,142.00
22.52,151.00
22.62,160.00
22.72,169.00
22.83,178.00
22.93,188.00
23.03,197.00
23.14,207.00
23.24,217.00
23.34,227.00
23.44,237.00
